{
  "n_estimators": 32,
  "max_depth": 6,
  "learning_rate": 0.25032333105810645,
  "subsample": 0.6567120890796214,
  "colsample_bytree": 0.846161307834657
}