{
  "direction": "minimize",
  "trial_count": 5,
  "best_value": 38.23044767602563,
  "best_trial_number": 4,
  "objective_metric": "mean_fold_mse",
  "requested_mode": "learned_auto_requested",
  "validated_mode": "learned_auto",
  "selected_search_params": [
    "hidden_size",
    "n_block",
    "expand_ratio",
    "kernel_size",
    "dropout",
    "revin"
  ],
  "selected_training_search_params": [
    "input_size",
    "season_length",
    "batch_size",
    "valid_batch_size",
    "windows_batch_size",
    "inference_windows_batch_size",
    "learning_rate",
    "max_steps",
    "val_check_steps"
  ],
  "best_params": {
    "hidden_size": 128,
    "n_block": 1,
    "expand_ratio": 2,
    "kernel_size": 3,
    "dropout": 0.07809452957356229,
    "revin": true
  },
  "best_training_params": {
    "input_size": 64,
    "season_length": 52,
    "batch_size": 32,
    "valid_batch_size": 64,
    "windows_batch_size": 256,
    "inference_windows_batch_size": 256,
    "learning_rate": 0.006500270786794114,
    "max_steps": 300,
    "val_check_steps": 25
  },
  "fold_mse": [
    131.84387840364943,
    34.55201770424274,
    131.59832389984152,
    78.68429171184421,
    15.996663747280088,
    17.744017733109118,
    53.08290865879382,
    14.122877098138872,
    10.24385405497893,
    11.184979885054608,
    66.24201645519412,
    29.824091052161652,
    28.337492102243733,
    13.816034784909725,
    21.50295765256378,
    16.112025392949064,
    16.66220970919374,
    11.70462061289878,
    3.1652712626941226,
    32.29238273238613,
    4.34007754408182,
    4.373785756130227,
    6.1645142580138295,
    163.93945201226143
  ],
  "objective_stage": "tuning_pre_replay_direct_predictions"
}