{
  "n_estimators": 128,
  "max_depth": 2,
  "learning_rate": 0.010608815292282874,
  "subsample": 0.8472000788638725,
  "colsample_bytree": 0.7070896347634513
}