{
  "n_estimators": 16,
  "max_depth": 5,
  "learning_rate": 0.11680703272479827,
  "subsample": 0.5091441386720958,
  "colsample_bytree": 0.8750721574724838
}