{
  "n_estimators": 32,
  "max_depth": 2,
  "learning_rate": 0.1609499274787478,
  "subsample": 0.533871016659822,
  "colsample_bytree": 0.9402942419311074
}