{
  "n_estimators": 32,
  "max_depth": 2,
  "learning_rate": 0.14971505008038705,
  "subsample": 0.549173416916525,
  "colsample_bytree": 0.7105538125025261
}