{
  "n_estimators": 16,
  "max_depth": 3,
  "learning_rate": 0.0022401609566490635,
  "subsample": 0.7091004674334479,
  "colsample_bytree": 0.7288889067068841
}