{
  "direction": "minimize",
  "trial_count": 5,
  "best_value": 34.770551627317985,
  "best_trial_number": 4,
  "objective_metric": "mean_fold_mse",
  "requested_mode": "learned_auto_requested",
  "validated_mode": "learned_auto",
  "selected_search_params": [
    "moving_avg_window"
  ],
  "selected_training_search_params": [
    "input_size",
    "season_length",
    "batch_size",
    "valid_batch_size",
    "windows_batch_size",
    "inference_windows_batch_size",
    "learning_rate",
    "max_steps",
    "val_check_steps"
  ],
  "best_params": {
    "moving_avg_window": 25
  },
  "best_training_params": {
    "input_size": 64,
    "season_length": 52,
    "batch_size": 16,
    "valid_batch_size": 32,
    "windows_batch_size": 1024,
    "inference_windows_batch_size": 256,
    "learning_rate": 0.07976805266869877,
    "max_steps": 1000,
    "val_check_steps": 100
  },
  "fold_mse": [
    14.384688078800663,
    25.99745148731405,
    39.02325915319396,
    20.105543121308003,
    3.751758590128699,
    32.63746368776627,
    7.926782066228876,
    15.619911607166156,
    26.58794235665325,
    28.528647254437523,
    3.0345620894258536,
    199.64861003539255
  ],
  "objective_stage": "tuning_pre_replay_direct_predictions"
}