{
  "n_estimators": 64,
  "max_depth": 4,
  "learning_rate": 0.01733693318161758,
  "subsample": 0.9993279770750693,
  "colsample_bytree": 0.7153016187728648
}