{
  "n_estimators": 32,
  "max_depth": 2,
  "learning_rate": 0.0016932999507037908,
  "subsample": 0.5931301056888354,
  "colsample_bytree": 0.6727803635215239
}