{
  "direction": "minimize",
  "trial_count": 5,
  "best_value": 48.131488228467184,
  "best_trial_number": 3,
  "objective_metric": "mean_fold_mse",
  "requested_mode": "learned_auto_requested",
  "validated_mode": "learned_auto",
  "selected_search_params": [
    "hidden_size",
    "n_heads",
    "e_layers",
    "d_ff"
  ],
  "selected_training_search_params": [
    "input_size",
    "season_length",
    "batch_size",
    "valid_batch_size",
    "windows_batch_size",
    "inference_windows_batch_size",
    "learning_rate",
    "max_steps",
    "val_check_steps"
  ],
  "best_params": {
    "hidden_size": 256,
    "n_heads": 4,
    "e_layers": 1,
    "d_ff": 512
  },
  "best_training_params": {
    "input_size": 16,
    "season_length": 52,
    "batch_size": 16,
    "valid_batch_size": 64,
    "windows_batch_size": 512,
    "inference_windows_batch_size": 256,
    "learning_rate": 0.0002312226462595857,
    "max_steps": 1000,
    "val_check_steps": 200
  },
  "fold_mse": [
    25.477441861910112,
    44.93181849459452,
    15.367624023934018,
    2.8676585005939774,
    10.466132109137654,
    12.648145420638514,
    243.92605869039755,
    8.743199123975524,
    12.540205432040992,
    3.013081532713201,
    4.806577201668173,
    192.78991635000204
  ],
  "objective_stage": "tuning_pre_replay_direct_predictions"
}