{
  "n_estimators": 16,
  "max_depth": 4,
  "learning_rate": 0.2898045659274678,
  "subsample": 0.5558613093574595,
  "colsample_bytree": 0.8106801913518937
}