{
  "n_estimators": 16,
  "max_depth": 4,
  "learning_rate": 0.027033810978246458,
  "subsample": 0.9899406004183687,
  "colsample_bytree": 0.9179154048193409
}