{
  "n_estimators": 128,
  "max_depth": 3,
  "learning_rate": 0.28014357348457253,
  "subsample": 0.7580181470176622,
  "colsample_bytree": 0.786509990045193
}