{
  "n_estimators": 32,
  "max_depth": 4,
  "learning_rate": 0.07685054226026816,
  "subsample": 0.7515971502053335,
  "colsample_bytree": 0.9201394001097157
}